location_id,health_record_id,animal_id,disease,latitude,longitude,gps_accuracy_m,village,taluka,district,state,reported_date,risk_level,cases_nearby_14d
LOC0001,HR0003,DS003,Foot_Mouth_Disease,19.43296,74.60464,25,Rahuri,Rahuri,Ahmednagar,Maharashtra,2026-08-26,High,2
LOC0002,HR0004,DS004,Mastitis,18.04747,74.40106,35,Phaltan,Phaltan,Satara,Maharashtra,2026-09-09,Medium,1
LOC0003,HR0005,DS005,Lumpy_Skin_Disease,17.27412,74.23706,35,Karad,Karad,Satara,Maharashtra,2026-07-24,High,2
LOC0004,HR0007,DS006,Foot_Mouth_Disease,20.07269,74.05844,25,Niphad,Niphad,Nashik,Maharashtra,2026-07-13,High,2
LOC0005,HR0009,DS007,Foot_Mouth_Disease,19.5678,74.18421,25,Sangamner,Sangamner,Ahmednagar,Maharashtra,2026-09-07,High,1
LOC0006,HR0010,DS008,Mastitis,17.97027,74.47836,35,Phaltan,Phaltan,Satara,Maharashtra,2026-07-17,Medium,1
LOC0007,HR0012,DS009,Ringworm,17.30496,74.21254,15,Karad,Karad,Satara,Maharashtra,2026-06-15,High,1
LOC0008,HR0013,DS010,Lumpy_Skin_Disease,16.76972,74.55856,20,Shirol,Shirol,Kolhapur,Maharashtra,2026-08-29,High,1
LOC0009,HR0016,DS012,Mastitis,19.22845,73.8352,15,Junnar,Junnar,Pune,Maharashtra,2026-07-01,Medium,4
LOC0010,HR0017,DS013,Lumpy_Skin_Disease,17.34333,74.20212,25,Karad,Karad,Satara,Maharashtra,2026-08-11,High,1
LOC0011,HR0019,DS014,Mastitis,17.25676,74.23522,35,Karad,Karad,Satara,Maharashtra,2026-07-07,High,1
LOC0012,HR0021,DS015,Foot_Mouth_Disease,20.04816,74.10996,15,Niphad,Niphad,Nashik,Maharashtra,2026-08-09,High,2
LOC0013,HR0023,DS016,Lumpy_Skin_Disease,17.94948,74.43099,15,Phaltan,Phaltan,Satara,Maharashtra,2026-08-03,High,2
LOC0014,HR0025,DS017,Mastitis,17.24639,74.22949,15,Karad,Karad,Satara,Maharashtra,2026-07-30,Low,2
LOC0015,HR0027,DS018,Mastitis,18.10362,74.52802,20,Baramati,Baramati,Pune,Maharashtra,2026-07-16,Low,3
LOC0016,HR0028,DS019,Lumpy_Skin_Disease,16.80842,74.69034,20,Miraj,Miraj,Sangli,Maharashtra,2026-06-22,High,1
LOC0017,HR0029,DS020,Ringworm,19.78888,74.01213,12,Sinnar,Sinnar,Nashik,Maharashtra,2026-05-07,Medium,1
LOC0018,HR0030,DS021,Ringworm,21.03202,78.95918,35,Hingna,Hingna,Nagpur,Maharashtra,2026-08-25,Medium,1
LOC0019,HR0032,DS022,Lumpy_Skin_Disease,18.20293,74.57437,50,Baramati,Baramati,Pune,Maharashtra,2026-06-01,High,1
LOC0020,HR0034,DS024,Mastitis,19.2678,73.90515,8,Junnar,Junnar,Pune,Maharashtra,2026-07-15,Medium,4
LOC0021,HR0036,DS025,Ringworm,21.06573,79.03318,20,Hingna,Hingna,Nagpur,Maharashtra,2026-06-18,Medium,1
LOC0022,HR0037,DS026,Lumpy_Skin_Disease,17.28116,74.13428,50,Karad,Karad,Satara,Maharashtra,2026-07-02,High,1
LOC0023,HR0039,DS028,Lumpy_Skin_Disease,16.78577,74.62716,20,Shirol,Shirol,Kolhapur,Maharashtra,2026-05-05,High,1
LOC0024,HR0041,DS030,Lumpy_Skin_Disease,16.55382,74.26614,50,Kagal,Kagal,Kolhapur,Maharashtra,2026-08-10,High,4
LOC0025,HR0043,DS031,Lumpy_Skin_Disease,16.71607,74.55771,35,Shirol,Shirol,Kolhapur,Maharashtra,2026-09-16,High,3
LOC0026,HR0044,DS032,Foot_Mouth_Disease,19.56369,74.25511,50,Sangamner,Sangamner,Ahmednagar,Maharashtra,2026-08-03,High,3
LOC0027,HR0046,DS033,Mastitis,16.60184,74.34916,20,Kagal,Kagal,Kolhapur,Maharashtra,2026-07-18,Medium,2
LOC0028,HR0047,DS034,Mastitis,18.82913,74.40215,8,Shirur,Shirur,Pune,Maharashtra,2026-08-15,Medium,3
LOC0029,HR0050,DS036,Ringworm,21.17439,79.24273,8,Kamptee,Kamptee,Nagpur,Maharashtra,2026-05-20,Medium,1
LOC0030,HR0051,DS037,Foot_Mouth_Disease,20.12185,74.08668,25,Niphad,Niphad,Nashik,Maharashtra,2026-08-11,High,2
LOC0031,HR0054,DS039,Foot_Mouth_Disease,20.13592,74.14549,12,Niphad,Niphad,Nashik,Maharashtra,2026-09-14,High,1
LOC0032,HR0055,DS040,Lumpy_Skin_Disease,17.33921,74.21368,50,Karad,Karad,Satara,Maharashtra,2026-06-03,High,1
LOC0033,HR0059,DS043,Mastitis,18.8683,74.37176,20,Shirur,Shirur,Pune,Maharashtra,2026-05-02,Medium,2
LOC0034,HR0062,DS046,Lumpy_Skin_Disease,16.69799,74.58411,12,Shirol,Shirol,Kolhapur,Maharashtra,2026-06-23,High,2
LOC0035,HR0064,DS047,Lumpy_Skin_Disease,16.61595,74.26432,50,Kagal,Kagal,Kolhapur,Maharashtra,2026-07-22,High,4
LOC0036,HR0066,DS048,Foot_Mouth_Disease,19.36529,74.62156,12,Rahuri,Rahuri,Ahmednagar,Maharashtra,2026-07-23,Medium,1
LOC0037,HR0071,DS052,Ringworm,16.57678,74.36527,15,Kagal,Kagal,Kolhapur,Maharashtra,2026-05-21,Medium,3
LOC0038,HR0072,DS053,Lumpy_Skin_Disease,16.73136,74.54338,25,Shirol,Shirol,Kolhapur,Maharashtra,2026-07-22,High,2
LOC0039,HR0073,DS054,Lumpy_Skin_Disease,16.741,74.6028,20,Shirol,Shirol,Kolhapur,Maharashtra,2026-09-20,High,3
LOC0040,HR0076,DS057,Ringworm,18.82369,74.32494,15,Shirur,Shirur,Pune,Maharashtra,2026-09-20,Medium,1
LOC0041,HR0077,DS058,Lumpy_Skin_Disease,16.78654,74.6143,25,Miraj,Miraj,Sangli,Maharashtra,2026-09-04,High,4
LOC0042,HR0080,DS061,Lumpy_Skin_Disease,16.76323,74.62736,25,Shirol,Shirol,Kolhapur,Maharashtra,2026-08-08,High,2
LOC0043,HR0084,DS064,Lumpy_Skin_Disease,16.5502,74.31481,50,Kagal,Kagal,Kolhapur,Maharashtra,2026-08-28,High,4
LOC0044,HR0090,DS069,Ringworm,19.15334,73.82386,50,Junnar,Junnar,Pune,Maharashtra,2026-07-12,Medium,1
LOC0045,HR0092,DS070,Lumpy_Skin_Disease,18.19919,74.52691,20,Baramati,Baramati,Pune,Maharashtra,2026-09-16,High,1
LOC0046,HR0093,DS071,Foot_Mouth_Disease,19.35545,74.65948,20,Rahuri,Rahuri,Ahmednagar,Maharashtra,2026-08-10,Medium,1
LOC0047,HR0094,DS072,Lumpy_Skin_Disease,16.58905,74.28662,12,Kagal,Kagal,Kolhapur,Maharashtra,2026-06-11,High,4
LOC0048,HR0098,DS075,Mastitis,18.12731,74.55525,20,Baramati,Baramati,Pune,Maharashtra,2026-07-23,Medium,3
LOC0049,HR0100,DS076,Mastitis,16.52631,74.25984,20,Kagal,Kagal,Kolhapur,Maharashtra,2026-08-25,Medium,1
LOC0050,HR0104,DS079,Mastitis,17.3272,74.21079,20,Karad,Karad,Satara,Maharashtra,2026-05-31,Medium,1
LOC0051,HR0105,DS080,Lumpy_Skin_Disease,16.79949,74.65935,35,Shirol,Shirol,Kolhapur,Maharashtra,2026-06-27,High,2
LOC0052,HR0109,DS083,Mastitis,19.23965,73.85043,15,Junnar,Junnar,Pune,Maharashtra,2026-09-11,Medium,2
LOC0053,HR0111,DS085,Ringworm,18.0021,74.45529,20,Phaltan,Phaltan,Satara,Maharashtra,2026-06-02,Medium,1
LOC0054,HR0113,DS086,Lumpy_Skin_Disease,17.34689,74.14379,25,Karad,Karad,Satara,Maharashtra,2026-08-31,High,3
LOC0055,HR0117,DS089,Lumpy_Skin_Disease,16.83926,74.63097,15,Miraj,Miraj,Sangli,Maharashtra,2026-08-05,High,1
LOC0056,HR0121,DS093,Lumpy_Skin_Disease,16.60368,74.29553,20,Kagal,Kagal,Kolhapur,Maharashtra,2026-08-20,High,5
LOC0057,HR0122,DS094,Foot_Mouth_Disease,19.80629,74.052,20,Sinnar,Sinnar,Nashik,Maharashtra,2026-08-21,High,3
LOC0058,HR0126,DS098,Mastitis,18.85538,74.36318,15,Shirur,Shirur,Pune,Maharashtra,2026-08-22,High,3
LOC0059,HR0129,DS101,Ringworm,16.7504,74.57923,12,Shirol,Shirol,Kolhapur,Maharashtra,2026-07-22,Medium,2
LOC0060,HR0131,DS102,Lumpy_Skin_Disease,16.84491,74.60084,25,Miraj,Miraj,Sangli,Maharashtra,2026-07-17,High,3
LOC0061,HR0134,DS104,Lumpy_Skin_Disease,17.98497,74.45222,20,Phaltan,Phaltan,Satara,Maharashtra,2026-07-22,High,3
LOC0062,HR0136,DS105,Mastitis,21.05976,78.93686,12,Hingna,Hingna,Nagpur,Maharashtra,2026-08-15,Low,1
LOC0063,HR0139,DS107,Foot_Mouth_Disease,20.03786,74.13422,25,Niphad,Niphad,Nashik,Maharashtra,2026-07-20,High,2
LOC0064,HR0141,DS108,Mastitis,19.23265,73.86109,50,Junnar,Junnar,Pune,Maharashtra,2026-08-27,Medium,2
LOC0065,HR0144,DS110,Foot_Mouth_Disease,17.62815,75.30454,20,Pandharpur,Pandharpur,Solapur,Maharashtra,2026-07-10,Medium,1
LOC0066,HR0146,DS111,Lumpy_Skin_Disease,16.71234,74.56649,15,Shirol,Shirol,Kolhapur,Maharashtra,2026-05-22,High,2
LOC0067,HR0149,DS114,Foot_Mouth_Disease,19.38797,74.68983,25,Rahuri,Rahuri,Ahmednagar,Maharashtra,2026-09-10,High,3
LOC0068,HR0150,DS115,Mastitis,18.84889,74.33074,50,Shirur,Shirur,Pune,Maharashtra,2026-05-11,Medium,2
LOC0069,HR0152,DS117,Mastitis,18.1306,74.60699,20,Baramati,Baramati,Pune,Maharashtra,2026-08-20,Low,2
LOC0070,HR0153,DS118,Mastitis,18.80571,74.37813,35,Shirur,Shirur,Pune,Maharashtra,2026-08-17,Low,3
LOC0071,HR0154,DS119,Lumpy_Skin_Disease,18.0501,74.38837,35,Phaltan,Phaltan,Satara,Maharashtra,2026-08-24,High,3
LOC0072,HR0155,DS120,Lumpy_Skin_Disease,16.7962,74.5986,12,Miraj,Miraj,Sangli,Maharashtra,2026-07-17,Medium,3
LOC0073,HR0157,DS121,Mastitis,18.16121,74.56511,50,Baramati,Baramati,Pune,Maharashtra,2026-08-19,High,2
LOC0074,HR0158,DS122,Mastitis,17.99312,74.41069,15,Phaltan,Phaltan,Satara,Maharashtra,2026-06-26,Medium,2
LOC0075,HR0159,DS123,Foot_Mouth_Disease,19.84789,73.9789,15,Sinnar,Sinnar,Nashik,Maharashtra,2026-09-18,High,3
LOC0076,HR0162,DS126,Foot_Mouth_Disease,19.86897,73.99548,8,Sinnar,Sinnar,Nashik,Maharashtra,2026-09-20,High,3
LOC0077,HR0163,DS127,Lumpy_Skin_Disease,16.59043,74.3121,8,Kagal,Kagal,Kolhapur,Maharashtra,2026-07-22,Medium,4
LOC0078,HR0166,DS129,Ringworm,16.51486,74.34015,15,Kagal,Kagal,Kolhapur,Maharashtra,2026-05-18,Medium,3
LOC0079,HR0169,DS131,Mastitis,19.23983,73.91347,25,Junnar,Junnar,Pune,Maharashtra,2026-09-18,Medium,2
LOC0080,HR0170,DS132,Foot_Mouth_Disease,19.85189,74.05602,12,Sinnar,Sinnar,Nashik,Maharashtra,2026-05-22,High,1
LOC0081,HR0172,DS133,Lumpy_Skin_Disease,16.62882,74.36587,20,Kagal,Kagal,Kolhapur,Maharashtra,2026-09-06,High,3
LOC0082,HR0176,DS136,Lumpy_Skin_Disease,18.17706,74.62478,25,Baramati,Baramati,Pune,Maharashtra,2026-08-09,High,1
LOC0083,HR0178,DS137,Foot_Mouth_Disease,20.04058,74.11554,50,Niphad,Niphad,Nashik,Maharashtra,2026-05-20,High,2
LOC0084,HR0180,DS138,Foot_Mouth_Disease,19.58592,74.15829,20,Sangamner,Sangamner,Ahmednagar,Maharashtra,2026-07-15,High,2
LOC0085,HR0183,DS140,Lumpy_Skin_Disease,17.32983,74.2224,50,Karad,Karad,Satara,Maharashtra,2026-09-01,High,3
LOC0086,HR0185,DS141,Ringworm,17.69299,75.27376,25,Pandharpur,Pandharpur,Solapur,Maharashtra,2026-08-16,Medium,1
LOC0087,HR0187,DS142,Ringworm,16.56963,74.36109,20,Kagal,Kagal,Kolhapur,Maharashtra,2026-05-18,Medium,3
LOC0088,HR0188,DS143,Lumpy_Skin_Disease,16.86426,74.61204,20,Miraj,Miraj,Sangli,Maharashtra,2026-09-03,High,4
LOC0089,HR0189,DS144,Mastitis,19.23543,73.92779,12,Junnar,Junnar,Pune,Maharashtra,2026-05-11,Low,1
LOC0090,HR0191,DS145,Mastitis,16.52484,74.26156,20,Kagal,Kagal,Kolhapur,Maharashtra,2026-07-17,Medium,2
LOC0091,HR0193,DS146,Mastitis,18.14512,74.54914,25,Baramati,Baramati,Pune,Maharashtra,2026-05-10,High,1
LOC0092,HR0196,DS148,Mastitis,19.19207,73.82518,20,Junnar,Junnar,Pune,Maharashtra,2026-08-27,High,2
LOC0093,HR0197,DS149,Mastitis,17.93206,74.42389,35,Phaltan,Phaltan,Satara,Maharashtra,2026-06-02,Medium,2
LOC0094,HR0198,DS150,Foot_Mouth_Disease,19.79768,74.03385,20,Sinnar,Sinnar,Nashik,Maharashtra,2026-08-05,High,2
LOC0095,HR0201,DS153,Lumpy_Skin_Disease,16.53387,74.30447,15,Kagal,Kagal,Kolhapur,Maharashtra,2026-08-09,High,4
LOC0096,HR0203,DS154,Mastitis,17.34792,74.2362,8,Karad,Karad,Satara,Maharashtra,2026-08-09,Medium,2
LOC0097,HR0204,DS155,Ringworm,19.61225,74.19895,25,Sangamner,Sangamner,Ahmednagar,Maharashtra,2026-09-08,Medium,3
LOC0098,HR0206,DS157,Ringworm,19.89226,74.01064,25,Sinnar,Sinnar,Nashik,Maharashtra,2026-06-18,Medium,1
LOC0099,HR0209,DS160,Foot_Mouth_Disease,19.83669,73.96903,35,Sinnar,Sinnar,Nashik,Maharashtra,2026-08-25,High,2
LOC0100,HR0211,DS161,Ringworm,20.02686,74.14842,35,Niphad,Niphad,Nashik,Maharashtra,2026-09-11,Medium,1
LOC0101,HR0214,DS163,Ringworm,18.00283,74.47446,8,Phaltan,Phaltan,Satara,Maharashtra,2026-06-21,Medium,1
LOC0102,HR0216,DS164,Lumpy_Skin_Disease,16.63078,74.30312,20,Kagal,Kagal,Kolhapur,Maharashtra,2026-07-12,High,3
LOC0103,HR0217,DS165,Lumpy_Skin_Disease,16.63274,74.29819,25,Kagal,Kagal,Kolhapur,Maharashtra,2026-08-03,High,5
LOC0104,HR0219,DS166,Ringworm,17.34201,74.1792,15,Karad,Karad,Satara,Maharashtra,2026-05-20,High,1
LOC0105,HR0224,DS171,Mastitis,17.95496,74.44698,15,Phaltan,Phaltan,Satara,Maharashtra,2026-06-12,Medium,3
LOC0106,HR0226,DS172,Lumpy_Skin_Disease,16.53083,74.34152,15,Kagal,Kagal,Kolhapur,Maharashtra,2026-05-29,High,3
LOC0107,HR0228,DS173,Lumpy_Skin_Disease,17.95477,74.43087,12,Phaltan,Phaltan,Satara,Maharashtra,2026-07-11,High,2
LOC0108,HR0230,DS175,Lumpy_Skin_Disease,16.51874,74.32914,50,Kagal,Kagal,Kolhapur,Maharashtra,2026-06-22,Medium,2
LOC0109,HR0231,DS176,Foot_Mouth_Disease,19.79207,74.01018,15,Sinnar,Sinnar,Nashik,Maharashtra,2026-06-06,High,1
LOC0110,HR0234,DS178,Lumpy_Skin_Disease,17.32926,74.16545,20,Karad,Karad,Satara,Maharashtra,2026-09-04,High,3
LOC0111,HR0237,DS180,Ringworm,17.93335,74.46418,12,Phaltan,Phaltan,Satara,Maharashtra,2026-08-29,Medium,1
LOC0112,HR0239,DS181,Foot_Mouth_Disease,19.43884,74.61529,12,Rahuri,Rahuri,Ahmednagar,Maharashtra,2026-08-30,High,4
LOC0113,HR0244,DS185,Mastitis,19.18237,73.8178,8,Junnar,Junnar,Pune,Maharashtra,2026-07-01,Low,4
LOC0114,HR0249,DS189,Mastitis,19.26347,73.83224,15,Junnar,Junnar,Pune,Maharashtra,2026-07-08,High,4
LOC0115,HR0251,DS190,Ringworm,19.17062,73.86817,50,Junnar,Junnar,Pune,Maharashtra,2026-08-15,Medium,2
LOC0116,HR0253,DS191,Lumpy_Skin_Disease,16.54277,74.35941,50,Kagal,Kagal,Kolhapur,Maharashtra,2026-08-31,High,4
LOC0117,HR0254,DS192,Lumpy_Skin_Disease,16.69648,74.61316,15,Shirol,Shirol,Kolhapur,Maharashtra,2026-05-29,High,2
LOC0118,HR0257,DS194,Mastitis,17.98227,74.47677,20,Phaltan,Phaltan,Satara,Maharashtra,2026-05-12,Low,1
LOC0119,HR0259,DS195,Lumpy_Skin_Disease,16.78232,74.6192,20,Shirol,Shirol,Kolhapur,Maharashtra,2026-09-17,High,3
LOC0120,HR0260,DS196,Ringworm,17.98431,74.38515,12,Phaltan,Phaltan,Satara,Maharashtra,2026-07-29,Medium,1
LOC0121,HR0263,DS199,Lumpy_Skin_Disease,18.02926,74.45302,20,Phaltan,Phaltan,Satara,Maharashtra,2026-08-20,High,2
LOC0122,HR0265,DS200,Ringworm,19.62426,74.21381,50,Sangamner,Sangamner,Ahmednagar,Maharashtra,2026-08-28,Medium,2
LOC0123,HR0267,DS201,Lumpy_Skin_Disease,18.16304,74.53643,15,Baramati,Baramati,Pune,Maharashtra,2026-07-20,High,2
LOC0124,HR0269,DS202,Lumpy_Skin_Disease,16.79659,74.63277,8,Miraj,Miraj,Sangli,Maharashtra,2026-07-10,High,3
LOC0125,HR0272,DS204,Lumpy_Skin_Disease,16.73762,74.6246,20,Shirol,Shirol,Kolhapur,Maharashtra,2026-08-02,High,3
LOC0126,HR0273,DS205,Foot_Mouth_Disease,20.11969,74.09659,12,Niphad,Niphad,Nashik,Maharashtra,2026-05-25,Medium,2
LOC0127,HR0274,DS206,Ringworm,19.88013,74.00978,8,Sinnar,Sinnar,Nashik,Maharashtra,2026-07-17,Medium,1
LOC0128,HR0276,DS207,Lumpy_Skin_Disease,16.57003,74.25707,50,Kagal,Kagal,Kolhapur,Maharashtra,2026-06-02,High,3
LOC0129,HR0277,DS208,Ringworm,19.44609,74.67966,20,Rahuri,Rahuri,Ahmednagar,Maharashtra,2026-05-03,Medium,1
LOC0130,HR0278,DS209,Foot_Mouth_Disease,19.56316,74.23177,50,Sangamner,Sangamner,Ahmednagar,Maharashtra,2026-07-27,High,4
LOC0131,HR0280,DS210,Ringworm,16.7565,74.54753,8,Shirol,Shirol,Kolhapur,Maharashtra,2026-08-04,Medium,2
LOC0132,HR0282,DS211,Mastitis,19.16154,73.88728,20,Junnar,Junnar,Pune,Maharashtra,2026-06-16,Low,1
LOC0133,HR0284,DS212,Foot_Mouth_Disease,19.55338,74.1789,25,Sangamner,Sangamner,Ahmednagar,Maharashtra,2026-07-31,High,3
LOC0134,HR0287,DS215,Mastitis,18.10325,74.56372,35,Baramati,Baramati,Pune,Maharashtra,2026-07-16,Medium,3
LOC0135,HR0289,DS216,Foot_Mouth_Disease,17.67488,75.38745,15,Pandharpur,Pandharpur,Solapur,Maharashtra,2026-09-01,High,1
LOC0136,HR0292,DS218,Mastitis,17.27815,74.16574,50,Karad,Karad,Satara,Maharashtra,2026-06-22,High,1
LOC0137,HR0294,DS219,Foot_Mouth_Disease,19.89091,74.01143,12,Sinnar,Sinnar,Nashik,Maharashtra,2026-08-09,Medium,3
LOC0138,HR0296,DS220,Foot_Mouth_Disease,19.442,74.65473,20,Rahuri,Rahuri,Ahmednagar,Maharashtra,2026-09-12,Medium,3
LOC0139,HR0301,DS224,Lumpy_Skin_Disease,17.32356,74.16322,20,Karad,Karad,Satara,Maharashtra,2026-07-18,High,2
LOC0140,HR0303,DS226,Ringworm,19.57017,74.21886,50,Sangamner,Sangamner,Ahmednagar,Maharashtra,2026-09-19,Medium,2
LOC0141,HR0304,DS227,Lumpy_Skin_Disease,16.85586,74.59354,20,Miraj,Miraj,Sangli,Maharashtra,2026-09-06,High,4
LOC0142,HR0306,DS228,Lumpy_Skin_Disease,18.03757,74.48299,8,Phaltan,Phaltan,Satara,Maharashtra,2026-09-04,High,2
LOC0143,HR0308,DS229,Ringworm,19.19662,73.88981,15,Junnar,Junnar,Pune,Maharashtra,2026-08-14,Medium,2
LOC0144,HR0310,DS230,Ringworm,16.77811,74.60847,15,Miraj,Miraj,Sangli,Maharashtra,2026-07-16,Medium,1
LOC0145,HR0313,DS233,Foot_Mouth_Disease,19.84907,73.9474,25,Sinnar,Sinnar,Nashik,Maharashtra,2026-09-19,Medium,3
LOC0146,HR0314,DS234,Lumpy_Skin_Disease,18.11924,74.55263,50,Baramati,Baramati,Pune,Maharashtra,2026-07-24,High,2
LOC0147,HR0316,DS236,Ringworm,16.70704,74.57432,12,Shirol,Shirol,Kolhapur,Maharashtra,2026-09-20,Medium,1
LOC0148,HR0317,DS237,Ringworm,18.88117,74.32421,20,Shirur,Shirur,Pune,Maharashtra,2026-05-27,Medium,1
LOC0149,HR0318,DS238,Mastitis,16.57232,74.34056,12,Kagal,Kagal,Kolhapur,Maharashtra,2026-08-04,Low,1
LOC0150,HR0319,DS239,Lumpy_Skin_Disease,16.88473,74.60693,35,Miraj,Miraj,Sangli,Maharashtra,2026-09-10,High,4
LOC0151,HR0320,DS240,Ringworm,18.10199,74.60175,8,Baramati,Baramati,Pune,Maharashtra,2026-09-01,Medium,1
